{
  "version": 1,
  "author": "Bekmurod Saminov",
  "editor": "wokwi",
  "parts": [
    { "type": "wokwi-breadboard-mini", "id": "bb1", "top": -11, "left": -31.2, "attrs": {} },
    { "type": "wokwi-arduino-uno", "id": "uno", "top": 192.6, "left": 9, "attrs": {} },
    {
      "type": "wokwi-led",
      "id": "led1",
      "top": -22.8,
      "left": 157.4,
      "attrs": { "color": "blue" }
    },
    {
      "type": "wokwi-led",
      "id": "led2",
      "top": -22.8,
      "left": 195.8,
      "attrs": { "color": "red" }
    },
    {
      "type": "wokwi-led",
      "id": "led3",
      "top": -22.8,
      "left": 176.6,
      "attrs": { "color": "green" }
    },
    {
      "type": "wokwi-led",
      "id": "led4",
      "top": -22.8,
      "left": 215,
      "attrs": { "color": "yellow" }
    },
    {
      "type": "wokwi-led",
      "id": "led5",
      "top": -22.8,
      "left": 234.2,
      "attrs": { "color": "orange" }
    },
    {
      "type": "wokwi-led",
      "id": "led6",
      "top": -22.8,
      "left": 253.4,
      "attrs": { "color": "limegreen" }
    },
    {
      "type": "wokwi-led",
      "id": "led7",
      "top": -22.8,
      "left": 272.6,
      "attrs": { "color": "cyan" }
    }
  ],
  "connections": [
    [ "led7:A", "uno:1", "green", [ "v124.8", "h9.6" ] ],
    [ "led6:A", "uno:2", "green", [ "v115.2", "h-28.8" ] ],
    [ "led5:A", "uno:3", "green", [ "v105.6", "h-28.8" ] ],
    [ "led4:A", "uno:4", "green", [ "v86.4", "h-9.6" ] ],
    [ "led2:A", "uno:5", "green", [ "v0" ] ],
    [ "led3:A", "uno:6", "green", [ "v0" ] ],
    [ "led1:A", "uno:7", "green", [ "v134.4", "h9.6" ] ],
    [ "uno:GND.1", "bb1:16b.j", "black", [ "v0" ] ],
    [ "bb1:16b.f", "bb1:15b.f", "green", [ "v0" ] ],
    [ "bb1:15b.f", "bb1:15t.e", "green", [ "v0" ] ],
    [ "bb1:16t.e", "bb1:15t.e", "green", [ "v0" ] ],
    [ "bb1:17t.e", "bb1:16t.e", "green", [ "v0" ] ],
    [ "led1:C", "bb1:17t.d", "green", [ "v0" ] ],
    [ "led3:C", "bb1:17b.f", "green", [ "v48", "h0.4" ] ],
    [ "bb1:17b.j", "bb1:16b.j", "green", [ "v0" ] ],
    [ "led2:C", "bb1:17b.g", "green", [ "v57.6", "h0.4" ] ],
    [ "led4:C", "bb1:17b.h", "green", [ "v67.2", "h0.4" ] ],
    [ "led5:C", "bb1:17b.i", "green", [ "v76.8", "h0.4" ] ],
    [ "led6:C", "bb1:17t.e", "green", [ "v0" ] ],
    [ "led7:C", "bb1:17b.j", "green", [ "v86.4", "h0.4" ] ]
  ],
  "dependencies": {}
}